Annual_Income,Monthly_Spend
0,32484.0,1434.0
1,29309.0,1832.0
2,33238.0,1863.0
3,37615.0,1679.0
4,28829.0,1935.0
5,28829.0,2162.0
6,37896.0,2754.0
7,33837.0,2070.0
8,27653.0,2103.0
9,32713.0,1970.0
10,27683.0,1232.0
11,27671.0,1989.0
12,31210.0,2024.0
13,20434.0,2985.0
14,21375.0,1923.0
15,27189.0,2121.0
16,24936.0,1986.0
17,31571.0,1533.0
18,25460.0,2457.0
19,22938.0,2301.0
20,37328.0,2316.0
21,28871.0,1636.0
22,30338.0,2561.0
23,22876.0,1439.0
24,27278.0,2235.0
25,30555.0,2876.0
26,24245.0,1604.0
27,31878.0,1773.0
28,26997.0,2040.0
29,28542.0,1799.0
30,26991.0,1380.0
31,39261.0,2027.0
32,29933.0,1575.0
33,24711.0,2189.0
34,34113.0,1632.0
35,23896.0,2620.0
36,31044.0,1687.0
37,20202.0,1871.0
38,23359.0,2325.0
39,30984.0,1508.0
40,33692.0,2091.0
41,30857.0,2523.0
42,29422.0,1357.0
43,28494.0,2074.0
44,22607.0,2104.0
45,26401.0,2313.0
46,27697.0,1505.0
47,35286.0,1472.0
48,31718.0,2209.0
49,21185.0,2119.0
50,31620.0,2100.0
51,28075.0,2139.0
52,26615.0,1728.0
53,33058.0,2093.0
54,35155.0,2117.0
55,34656.0,1714.0
56,25804.0,2746.0
57,28454.0,2190.0
58,31656.0,1523.0
59,34878.0,2263.0
60,27604.0,1610.0
61,29072.0,2315.0
62,24468.0,2463.0
63,24019.0,1672.0
64,34063.0,2385.0
65,36781.0,2165.0
66,29640.0,2329.0
67,35018.0,2759.0
68,31808.0,1902.0
69,26774.0,1699.0
70,31807.0,1644.0
71,37690.0,1674.0
72,29821.0,1969.0
73,37823.0,2136.0
74,16901.0,2111.0
75,34110.0,2331.0
76,30435.0,2005.0
77,28505.0,2581.0
78,30459.0,1894.0
79,20062.0,3088.0
80,28902.0,2250.0
81,31786.0,1657.0
82,37389.0,1572.0
83,27409.0,2193.0
84,25958.0,1911.0
85,27491.0,2286.0
86,34577.0,2189.0
87,31644.0,1971.0
88,27351.0,1661.0
89,32566.0,1394.0
90,30485.0,1821.0
91,34843.0,2343.0
92,26490.0,2086.0
93,28362.0,1502.0
94,28039.0,2069.0
95,22682.0,2154.0
96,31481.0,1646.0
97,31305.0,2061.0
98,30026.0,2023.0
99,28827.0,1543.0
100,92862.0,7337.0
101,94486.0,7552.0
102,98664.0,8598.0
103,98430.0,8488.0
104,78979.0,7983.0
105,82497.0,8094.0
106,94120.0,9022.0
107,94110.0,7527.0
108,94120.0,8438.0
109,120822.0,7838.0
110,94567.0,7826.0
111,99085.0,8879.0
112,97632.0,8660.0
113,95211.0,8651.0
114,87478.0,9044.0
115,96072.0,8017.0
116,83817.0,8546.0
117,88105.0,7752.0
118,86117.0,8259.0
119,90655.0,7896.0
120,108517.0,8078.0
121,75062.0,8476.0
122,95490.0,7345.0
123,77098.0,9674.0
124,86225.0,7195.0
125,98712.0,7029.0
126,90514.0,8926.0
127,81378.0,8633.0
128,84278.0,8499.0
129,95437.0,8503.0
130,84157.0,7990.0
131,91732.0,7282.0
132,90365.0,8061.0
133,84787.0,7458.0
134,107152.0,8780.0
135,95071.0,7882.0
136,73799.0,7340.0
137,91492.0,7743.0
138,84706.0,8330.0
139,96819.0,7549.0
140,83660.0,7342.0
141,89082.0,8195.0
142,94040.0,8196.0
143,96926.0,7594.0
144,80398.0,7623.0
145,87324.0,8186.0
146,86200.0,6842.0
147,84773.0,6874.0
148,104124.0,7425.0
149,93240.0,7829.0
150,79913.0,8249.0
151,97343.0,9180.0
152,106977.0,8686.0
153,98260.0,7872.0
154,77845.0,7985.0
155,86126.0,7198.0
156,100135.0,7985.0
157,84339.0,7769.0
158,93551.0,8258.0
159,96197.0,7338.0
160,82585.0,8415.0
161,89524.0,9226.0
162,64070.0,7913.0
163,81805.0,8321.0
164,87979.0,8552.0
165,80018.0,7679.0
166,103059.0,8179.0
167,78559.0,8010.0
168,86480.0,8078.0
169,91046.0,7382.0
170,101530.0,8020.0
171,78513.0,8398.0
172,99305.0,9161.0
173,90082.0,8767.0
174,82148.0,9723.0
175,93697.0,7386.0
176,91592.0,8698.0
177,85198.0,8147.0
178,90558.0,9752.0
179,86917.0,7353.0
180,90908.0,7328.0
181,95297.0,7520.0
182,102688.0,6301.0
183,80097.0,7579.0
184,107064.0,7393.0
185,74383.0,8120.0
186,88786.0,8273.0
187,94707.0,9501.0
188,92248.0,8760.0
189,85018.0,7538.0
190,88335.0,7281.0
191,86056.0,8394.0
192,85285.0,6944.0
193,96797.0,9465.0
194,92856.0,8944.0
195,84457.0,7625.0
196,97197.0,6629.0
197,92458.0,9083.0
198,96503.0,7908.0
199,95037.0,8990.0
200,73839.0,2870.0
201,80804.0,3264.0
202,85037.0,1941.0
203,85329.0,2725.0
204,81850.0,2240.0
205,89360.0,2305.0
206,77527.0,2263.0
207,84003.0,2154.0
208,85842.0,2519.0
209,88601.0,2168.0
210,89981.0,2608.0
211,77128.0,2480.0
212,74261.0,2404.0
213,93944.0,2137.0
214,87326.0,2269.0
215,79761.0,2802.0
216,95858.0,2700.0
217,85810.0,2109.0
218,93255.0,2540.0
219,85473.0,2801.0
220,99425.0,1832.0
221,97287.0,2717.0
222,83257.0,2235.0
223,91801.0,2728.0
224,89518.0,2195.0
225,94580.0,1778.0
226,78246.0,1849.0
227,89802.0,2519.0
228,92409.0,2604.0
229,72689.0,2138.0
230,76717.0,2755.0
231,70725.0,1835.0
232,83114.0,2474.0
233,90023.0,2016.0
234,95516.0,2239.0
235,85519.0,2519.0
236,96400.0,2156.0
237,75339.0,2346.0
238,73076.0,2903.0
239,84611.0,2269.0
240,87688.0,2834.0
241,84771.0,2048.0
242,70528.0,2712.0
243,84376.0,3077.0
244,75869.0,1511.0
245,89688.0,2181.0
246,87566.0,2731.0
247,78421.0,2419.0
248,81403.0,2648.0
249,77586.0,2258.0
250,84561.0,2535.0
251,91686.0,2438.0
252,78100.0,2967.0
253,88528.0,2602.0
254,81288.0,2635.0
255,79450.0,2335.0
256,84251.0,2305.0
257,77753.0,2327.0
258,81124.0,2658.0
259,76615.0,2332.0
260,98753.0,2616.0
261,85247.0,3330.0
262,80102.0,2848.0
263,86498.0,2370.0
264,84214.0,2980.0
265,83453.0,2337.0
266,89299.0,1685.0
267,90303.0,2097.0
268,81286.0,1752.0
269,80969.0,2359.0
270,83075.0,2507.0
271,68887.0,3171.0
272,74394.0,2631.0
273,94568.0,2412.0
274,96515.0,2832.0
275,83257.0,1616.0
276,89036.0,2594.0
277,87179.0,2808.0
278,106552.0,1909.0
279,92837.0,2958.0
280,84105.0,2635.0
281,78311.0,2334.0
282,73755.0,2753.0
283,86424.0,3408.0
284,79706.0,2573.0
285,75044.0,2599.0
286,80474.0,2316.0
287,77429.0,2160.0
288,96810.0,2832.0
289,91171.0,2158.0
290,84944.0,2529.0
291,95360.0,2309.0
292,85542.0,2692.0
293,78971.0,2633.0
294,95662.0,2915.0
295,88772.0,2296.0
296,77739.0,2392.0
297,83668.0,2108.0
298,78871.0,2322.0
299,75320.0,2651.0
